﻿{"cameraMode":{"drawMode":0,"name":"Shaded","section":"Shading Mode"},"sceneLighting":false,"audioPlay":false,"sceneViewState":{"showFog":true,"showMaterialUpdate":false,"showSkybox":true,"showFlares":true,"showImageEffects":true,"showParticleSystems":true},"in2DMode":false,"pivot":{"x":0.507181704044342,"y":-0.3182239532470703,"z":-7.90757942199707},"rotation":{"x":0.17605622112751008,"y":0.05991291254758835,"z":-0.010735820047557354,"w":0.9824965000152588},"size":3.4311399459838869,"orthographic":false}