﻿{"cameraMode":{"drawMode":0,"name":"Shaded","section":"Shading Mode"},"sceneLighting":false,"audioPlay":false,"sceneViewState":{"showFog":true,"showMaterialUpdate":false,"showSkybox":false,"showFlares":true,"showImageEffects":true,"showParticleSystems":true},"in2DMode":false,"pivot":{"x":-0.04072856903076172,"y":0.4065755307674408,"z":0.0},"rotation":{"x":0.18990455567836762,"y":-0.20218946039676667,"z":0.03999987989664078,"w":0.9599248170852661},"size":1.9675538539886475,"orthographic":false}