﻿{"cameraMode":{"drawMode":0,"name":"Shaded","section":"Shading Mode"},"sceneLighting":true,"audioPlay":false,"sceneViewState":{"showFog":true,"showMaterialUpdate":false,"showSkybox":true,"showFlares":true,"showImageEffects":true,"showParticleSystems":true},"in2DMode":false,"pivot":{"x":-3.925135850906372,"y":16.097646713256837,"z":-26.725208282470704},"rotation":{"x":0.2215743213891983,"y":0.05642826855182648,"z":-0.012844237498939038,"w":0.9734247326850891},"size":13.25459098815918,"orthographic":false}