﻿{"cameraMode":{"drawMode":0,"name":"Shaded","section":"Shading Mode"},"sceneLighting":false,"audioPlay":false,"sceneViewState":{"showFog":true,"showMaterialUpdate":false,"showSkybox":true,"showFlares":true,"showImageEffects":true,"showParticleSystems":true},"in2DMode":false,"pivot":{"x":1.0347000360488892,"y":0.1136000007390976,"z":-7.517509937286377},"rotation":{"x":0.16478969156742097,"y":-0.12068362534046173,"z":0.020320167765021325,"w":0.9787067770957947},"size":1.8523125648498536,"orthographic":false}