﻿{"cameraMode":{"drawMode":0,"name":"Shaded","section":"Shading Mode"},"sceneLighting":false,"audioPlay":false,"sceneViewState":{"showFog":true,"showMaterialUpdate":false,"showSkybox":true,"showFlares":true,"showImageEffects":true,"showParticleSystems":true},"in2DMode":false,"pivot":{"x":-23.693456649780275,"y":-10.603581428527832,"z":5.6241841316223148},"rotation":{"x":-0.07797897607088089,"y":0.07976635545492172,"z":-0.006259316578507423,"w":-0.993739128112793},"size":1.7174930572509766,"orthographic":false}