﻿{"cameraMode":{"drawMode":0,"name":"Shaded","section":"Shading Mode"},"sceneLighting":true,"audioPlay":false,"sceneViewState":{"showFog":true,"showMaterialUpdate":false,"showSkybox":true,"showFlares":true,"showImageEffects":true,"showParticleSystems":true},"in2DMode":false,"pivot":{"x":1.442859172821045,"y":25.40782356262207,"z":15.534979820251465},"rotation":{"x":0.11985546350479126,"y":-0.3911956548690796,"z":0.05146672576665878,"w":0.9110169410705566},"size":46.4344596862793,"orthographic":false}